Clients,Iterations to converge,Accuracy,Loss,Memory,Time
4.0,200.0,0.7260504364967346,0.5813924670219421,5.165504724520577,5613.171560764313
