Clients,Iterations to converge,Accuracy,Loss,Memory,Time
4.0,200.0,0.5315126180648804,0.6611810326576233,3.1213541786210133,6297.828922510147
