Clients,Iterations to converge,Accuracy,Loss,Memory,Time
4.0,200.0,0.6516806483268738,0.6046997904777527,3.0785932263233127,6271.622364282608
