Clients,Iterations to converge,Accuracy,Loss,Memory,Time
4.0,200.0,0.7239495515823364,0.5960594415664673,3.07581574833681,6229.007373809814
