Clients,Iterations to converge,Accuracy,Loss,Memory,Time
4.0,200.0,0.889915943145752,0.4178984463214874,3.0820116607682397,6285.319214820862
