Clients,Iterations to converge,Accuracy,Loss,Memory,Time
4.0,200.0,0.8605042099952698,0.4732097089290619,5.328924204029748,5489.921147823334
