Clients,Iterations to converge,Accuracy,Loss,Memory,Time
4.0,200.0,0.6924369931221008,0.6199038624763489,3.140753794095973,6227.484423160553
