Clients,Iterations to converge,Accuracy,Loss,Memory,Time
4.0,200.0,0.5445378422737122,0.666742742061615,3.0487063423190954,6191.874525547028
