Clients,Iterations to converge,Accuracy,Loss,Memory,Time
4.0,200.0,0.7260504364967346,0.5198149085044861,3.0758584787673713,6153.805619716644
