Clients,Iterations to converge,Accuracy,Loss,Memory,Time
4.0,200.0,0.6915966272354126,0.643821656703949,3.0751564788367167,6264.203402996063
