Accuracy,Precision,Recall,F1-Score
0.8697478991596639,0.8806544597012752,0.8697478991596639,0.8687648032185847
0.8701680672268908,0.8809759017410796,0.8701680672268908,0.8691977092239617
0.8705882352941177,0.8815202518913777,0.8705882352941177,0.8696114819074972
0.8701680672268908,0.8809759017410796,0.8701680672268908,0.8691977092239617
0.8705882352941177,0.8815202518913777,0.8705882352941177,0.8696114819074972
0.8705882352941177,0.8815202518913777,0.8705882352941177,0.8696114819074972
0.8705882352941177,0.8815202518913777,0.8705882352941177,0.8696114819074972
0.8705882352941177,0.8815202518913777,0.8705882352941177,0.8696114819074972
0.8705882352941177,0.8812977088129073,0.8705882352941177,0.8696305055021745
0.8705882352941177,0.8815202518913777,0.8705882352941177,0.8696114819074972
0.8794117647058823,0.8875517153887452,0.8794117647058823,0.8787412708386856
0.8831932773109243,0.8898473615983611,0.8831932773109243,0.8826631875418922
0.9247899159663866,0.9259708632920266,0.9247899159663866,0.924730472007118
0.9247899159663866,0.9259708632920266,0.9247899159663866,0.924730472007118
0.9247899159663866,0.9259708632920266,0.9247899159663866,0.924730472007118
0.9222689075630253,0.9232277358885643,0.9222689075630253,0.9222180268574853
0.9235294117647059,0.9245962309388558,0.9235294117647059,0.9234742859081349
0.9222689075630253,0.9232277358885643,0.9222689075630253,0.9222180268574853
0.9247899159663866,0.9259708632920266,0.9247899159663866,0.924730472007118
0.923109243697479,0.9241393868349241,0.923109243697479,0.9230555415880881
0.9247899159663866,0.9259708632920266,0.9247899159663866,0.924730472007118
0.65,0.6996668318508751,0.65,0.6273512440860767
0.9210084033613445,0.9222158121812101,0.9210084033613445,0.9209440846858759
0.9226890756302522,0.9236832225242759,0.9226890756302522,0.9226367887189689
0.8710084033613446,0.8782266288149939,0.8710084033613446,0.8703549143069061
0.9214285714285714,0.9224542907138218,0.9214285714285714,0.9213736955025821
0.9222689075630253,0.9233683648226888,0.9222689075630253,0.9222110999593834
0.8596638655462185,0.8730465883536512,0.8596638655462185,0.8583408696244712
0.7344537815126051,0.7503803722229327,0.7344537815126051,0.7299891447339132
0.7815126050420168,0.8200894095941678,0.7815126050420168,0.7745550226136041
