Clients,Iterations to converge,Accuracy,Loss,Memory,Time
4.0,200.0,0.6647058725357056,0.6309688687324524,3.1679730783637026,6235.094463348389
