Clients,Iterations to converge,Accuracy,Loss,Memory,Time
4.0,200.0,0.7315126061439514,0.5615835785865784,2.257827116096382,3690.1914417743683
