Clients,Iterations to converge,Accuracy,Loss,Memory,Time
4.0,200.0,0.8042016625404358,0.5931510329246521,5.155017455991319,6300.982436656952
