Clients,Iterations to converge,Accuracy,Loss,Memory,Time
4.0,200.0,0.7054621577262878,0.5354868173599243,3.0739417137393232,6281.252139568329
