Clients,Iterations to converge,Accuracy,Loss,Memory,Time
4.0,200.0,0.8823529481887817,0.3669416606426239,2.2788626966271286,3711.0591254234314
