Accuracy,Precision,Recall,F1-Score
0.8121848739495798,0.817924188989789,0.8121848739495798,0.811278130203936
0.8163865546218487,0.8212159791408796,0.8163865546218487,0.8156448251529852
0.8100840336134454,0.8155672713908624,0.8100840336134454,0.8092003625438917
0.8142857142857143,0.8231377515406553,0.8142857142857143,0.8129383356319707
0.8239495798319327,0.8311960846214859,0.8239495798319327,0.8229256736463517
0.8281512605042017,0.8399977272384231,0.8281512605042017,0.8265735769205289
0.8294117647058824,0.8427985018077898,0.8294117647058824,0.8276591525209701
0.83109243697479,0.8433857063952341,0.83109243697479,0.8295000885899325
0.8302521008403362,0.8422881998921159,0.8302521008403362,0.8286798097202214
0.8323529411764706,0.8445806940781254,0.8323529411764706,0.8307863238566309
0.8436974789915966,0.855100700142571,0.8436974789915966,0.842375045017291
0.8436974789915966,0.8546627572845027,0.8436974789915966,0.8424235449735117
0.8449579831932773,0.8554283459541514,0.8449579831932773,0.8437531651981701
0.8449579831932773,0.8560736097340661,0.8449579831932773,0.8436823819529502
0.8441176470588235,0.8563253037350717,0.8441176470588235,0.8427118901742846
0.8453781512605042,0.8570622704005928,0.8453781512605042,0.8440456031595712
0.6151260504201681,0.7091521169517252,0.6151260504201681,0.5672597827009591
0.9264705882352942,0.9275334455208759,0.9264705882352942,0.9264315105499153
0.6142857142857143,0.7102010019299471,0.6142857142857143,0.5654935042954504
0.9218487394957983,0.9235020674936641,0.9218487394957983,0.9217813034906538
0.6151260504201681,0.7058372578671968,0.6151260504201681,0.5683382884799489
0.6126050420168068,0.7046163369485029,0.6126050420168068,0.564425239792887
0.7453781512605042,0.7860652647285509,0.7453781512605042,0.7357574244099482
0.9214285714285714,0.9225520495185165,0.9214285714285714,0.9213837039295643
0.926890756302521,0.9279908217968836,0.926890756302521,0.9268504678729874
0.8819327731092437,0.8882288064036185,0.8819327731092437,0.8814810637251168
0.8827731092436975,0.8907015607971205,0.8827731092436975,0.882207420079902
0.8831932773109243,0.8902954183360413,0.8831932773109243,0.8826897158073623
0.8827731092436975,0.8892528316421127,0.8827731092436975,0.8823122717889069
0.8823529411764706,0.8889117478219761,0.8823529411764706,0.8818841945707868
