Clients,Iterations to converge,Accuracy,Loss,Memory,Time
4.0,400.0,0.6928571462631226,0.61788409948349,5.683641716815914,7254.414533376694
