Accuracy,Precision,Recall,F1-Score
0.8084033613445378,0.8084129709105758,0.8084033613445378,0.8083990315870763
0.5453781512605042,0.757875023470623,0.5453781512605042,0.4288072072355364
0.5453781512605042,0.757875023470623,0.5453781512605042,0.4288072072355364
0.5453781512605042,0.757875023470623,0.5453781512605042,0.4288072072355364
0.7789915966386555,0.7797895190965758,0.7789915966386555,0.7788609001402719
0.6945378151260504,0.7689159041500737,0.6945378151260504,0.671421640203787
0.7789915966386555,0.7797895190965758,0.7789915966386555,0.7788609001402719
0.7789915966386555,0.7797895190965758,0.7789915966386555,0.7788609001402719
0.7789915966386555,0.7797895190965758,0.7789915966386555,0.7788609001402719
0.7789915966386555,0.7797895190965758,0.7789915966386555,0.7788609001402719
0.7789915966386555,0.7797895190965758,0.7789915966386555,0.7788609001402719
0.8546218487394958,0.8805276038840053,0.8546218487394958,0.8521797486373266
0.8474789915966386,0.8696741740893426,0.8474789915966386,0.8452297324480986
0.7852941176470588,0.7857682763443231,0.7852941176470588,0.785224620156056
0.5441176470588235,0.7574115348854156,0.5441176470588235,0.42640282821047976
0.5441176470588235,0.7574115348854156,0.5441176470588235,0.42640282821047976
0.7789915966386555,0.7797895190965758,0.7789915966386555,0.7788609001402719
0.7789915966386555,0.7797895190965758,0.7789915966386555,0.7788609001402719
0.7789915966386555,0.7797895190965758,0.7789915966386555,0.7788609001402719
0.7626050420168067,0.8385119184011418,0.7626050420168067,0.7487565688336897
0.6966386554621848,0.7695263672768596,0.6966386554621848,0.674225673583336
0.6941176470588235,0.7686630456391568,0.6941176470588235,0.670890634013808
0.6945378151260504,0.7689159041500737,0.6945378151260504,0.671421640203787
0.6945378151260504,0.7689159041500737,0.6945378151260504,0.671421640203787
0.6945378151260504,0.7689159041500737,0.6945378151260504,0.671421640203787
0.6941176470588235,0.7686630456391568,0.6941176470588235,0.670890634013808
0.6945378151260504,0.7689159041500737,0.6945378151260504,0.671421640203787
0.6945378151260504,0.7689159041500737,0.6945378151260504,0.671421640203787
0.6945378151260504,0.7689159041500737,0.6945378151260504,0.671421640203787
0.6945378151260504,0.7689159041500737,0.6945378151260504,0.671421640203787
