Clients,Iterations to converge,Accuracy,Loss,Memory,Time
4.0,200.0,0.6672269105911255,0.5727723240852356,13.327041379172261,3732.769005060196
