Accuracy,Precision,Recall,F1-Score
0.846218487394958,0.8618486316421947,0.846218487394958,0.8444746906761471
0.8336134453781513,0.8476609974002782,0.8336134453781513,0.8318459080668944
0.8415966386554622,0.8468276914217637,0.8415966386554622,0.8409567484729414
0.8714285714285714,0.8826115948507843,0.8714285714285714,0.8704390704621331
0.8668067226890757,0.8852692002406982,0.8668067226890757,0.8651344584565259
0.8794117647058823,0.8879427283423319,0.8794117647058823,0.8787104256241121
0.8235294117647058,0.8239504725950145,0.8235294117647058,0.8234580966135776
0.8121848739495798,0.8121877328937943,0.8121848739495798,0.812182718673216
0.8134453781512605,0.8142660782834339,0.8134453781512605,0.8133023183299294
0.5966386554621849,0.7749786023060882,0.5966386554621849,0.5195477548418725
0.8642857142857143,0.866011781549897,0.8642857142857143,0.8641439103444971
0.8647058823529412,0.8663916026304844,0.8647058823529412,0.8645681788057279
0.8638655462184874,0.8656323942780934,0.8638655462184874,0.8637195707882562
0.8638655462184874,0.8656323942780934,0.8638655462184874,0.8637195707882562
0.8638655462184874,0.8656323942780934,0.8638655462184874,0.8637195707882562
0.8651260504201681,0.8667718589943999,0.8651260504201681,0.8649923766272186
0.6222689075630252,0.686865141365201,0.6222689075630252,0.5873151203029103
0.5936974789915966,0.7740173111505844,0.5936974789915966,0.5146791827442013
0.6789915966386555,0.7676638119077418,0.6789915966386555,0.6495040558774164
0.5936974789915966,0.7740173111505844,0.5936974789915966,0.5146791827442013
0.6827731092436975,0.7617928661841271,0.6827731092436975,0.6564066036640366
0.6827731092436975,0.7639115117745211,0.6827731092436975,0.6558831503750312
0.6831932773109244,0.7620490301383712,0.6831932773109244,0.656948205986075
0.6831932773109244,0.7620490301383712,0.6831932773109244,0.656948205986075
0.5983193277310924,0.7755288423780727,0.5983193277310924,0.5223131224829076
0.592436974789916,0.7736058803436084,0.592436974789916,0.5125811579586713
0.6836134453781513,0.768801628045997,0.6836134453781513,0.6559104631767106
0.6827731092436975,0.7617928661841271,0.6827731092436975,0.6564066036640366
0.6827731092436975,0.7617928661841271,0.6827731092436975,0.6564066036640366
0.9050420168067227,0.9199637617714337,0.9050420168067227,0.9042241712340473
