Clients,Iterations to converge,Accuracy,Loss,Memory,Time
4.0,200.0,0.8147059082984924,0.5142863988876343,3.067306288307831,6284.5674657821655
