Clients,Iterations to converge,Accuracy,Loss,Memory,Time
4.0,200.0,0.6672269105911255,0.5812054872512817,15.764696460113461,6252.36341714859
