Clients,Iterations to converge,Accuracy,Loss,Memory,Time
4.0,200.0,0.6957983374595642,0.574783205986023,5.1806435056338245,5511.300316333771
