Clients,Iterations to converge,Accuracy,Loss,Memory,Time
4.0,200.0,0.6373949646949768,0.6043066382408142,3.065847349321514,6206.1923315525055
