Clients,Iterations to converge,Accuracy,Loss,Memory,Time
4.0,200.0,0.6373949646949768,0.6317600011825562,3.068545470794117,6231.3341562747955
