Clients,Iterations to converge,Accuracy,Loss,Memory,Time
4.0,200.0,0.5436974763870239,0.6648905873298645,3.0698029663220723,6227.804663896561
