Clients,Iterations to converge,Accuracy,Loss,Memory,Time
4.0,200.0,0.7273108959197998,0.5284746885299683,3.039128807045052,6158.613896846771
