Clients,Iterations to converge,Accuracy,Loss,Memory,Time
4.0,200.0,0.6962184906005859,0.6083083748817444,7.891993098669204,6269.898370265961
