Clients,Iterations to converge,Accuracy,Loss,Memory,Time
4.0,200.0,0.7802520990371704,0.4937170743942261,3.0704744445166114,6186.413808107376
