Clients,Iterations to converge,Accuracy,Loss,Memory,Time
4.0,200.0,0.6932772994041443,0.5434173941612244,3.071963905239044,6288.017171382904
