Clients,Iterations to converge,Accuracy,Loss,Memory,Time
4.0,200.0,0.7810924649238586,0.5488615036010742,2.8078654269795544,3743.610894203186
