Accuracy,Precision,Recall,F1-Score
0.657563025210084,0.7460596734648323,0.657563025210084,0.6231343186800915
0.6579831932773109,0.7463293184238837,0.6579831932773109,0.6237019520997834
0.6579831932773109,0.7463293184238837,0.6579831932773109,0.6237019520997834
0.696218487394958,0.7699264045936918,0.696218487394958,0.6735418747754575
0.696218487394958,0.7699264045936918,0.696218487394958,0.6735418747754575
0.696218487394958,0.7699264045936918,0.696218487394958,0.6735418747754575
0.696218487394958,0.7699264045936918,0.696218487394958,0.6735418747754575
0.696218487394958,0.7699264045936918,0.696218487394958,0.6735418747754575
0.696218487394958,0.7699264045936918,0.696218487394958,0.6735418747754575
0.696218487394958,0.7699264045936918,0.696218487394958,0.6735418747754575
0.696218487394958,0.7699264045936918,0.696218487394958,0.6735418747754575
0.696218487394958,0.7699264045936918,0.696218487394958,0.6735418747754575
0.696218487394958,0.7699264045936918,0.696218487394958,0.6735418747754575
0.696218487394958,0.7699264045936918,0.696218487394958,0.6735418747754575
0.696218487394958,0.7699264045936918,0.696218487394958,0.6735418747754575
0.696218487394958,0.7699264045936918,0.696218487394958,0.6735418747754575
0.696218487394958,0.7699264045936918,0.696218487394958,0.6735418747754575
0.696218487394958,0.7699264045936918,0.696218487394958,0.6735418747754575
0.696218487394958,0.7699264045936918,0.696218487394958,0.6735418747754575
0.696218487394958,0.7699264045936918,0.696218487394958,0.6735418747754575
0.696218487394958,0.7699264045936918,0.696218487394958,0.6735418747754575
0.696218487394958,0.7699264045936918,0.696218487394958,0.6735418747754575
0.696218487394958,0.7699264045936918,0.696218487394958,0.6735418747754575
0.696218487394958,0.7699264045936918,0.696218487394958,0.6735418747754575
0.696218487394958,0.7699264045936918,0.696218487394958,0.6735418747754575
0.696218487394958,0.7699264045936918,0.696218487394958,0.6735418747754575
0.696218487394958,0.7699264045936918,0.696218487394958,0.6735418747754575
0.696218487394958,0.7699264045936918,0.696218487394958,0.6735418747754575
0.696218487394958,0.7699264045936918,0.696218487394958,0.6735418747754575
0.696218487394958,0.7699264045936918,0.696218487394958,0.6735418747754575
