Clients,Iterations to converge,Accuracy,Loss,Memory,Time
4.0,400.0,0.6899159550666809,0.5636652112007141,5.220816214708937,7477.23969244957
