Accuracy,Precision,Recall,F1-Score
0.6831932773109244,0.7492217438989953,0.6831932773109244,0.660267525527559
0.6932773109243697,0.7439409498998507,0.6932773109243697,0.6760925409566062
0.6903361344537815,0.7355012306432361,0.6903361344537815,0.6743586786772392
0.6911764705882353,0.7361134872853545,0.6911764705882353,0.6753693183000634
0.692436974789916,0.7438276718286406,0.692436974789916,0.6749381618415328
0.6903361344537815,0.7363702562476205,0.6903361344537815,0.6741023416576325
0.6932773109243697,0.7429996219941263,0.6932773109243697,0.676356402321828
0.6911764705882353,0.7374179365813807,0.6911764705882353,0.6749867315038806
0.6911764705882353,0.7352600977542606,0.6911764705882353,0.6756214647714053
0.6903361344537815,0.7355012306432361,0.6903361344537815,0.6743586786772392
0.6932773109243697,0.7429996219941263,0.6932773109243697,0.676356402321828
0.6941176470588235,0.7445312697308937,0.6941176470588235,0.677111822740622
0.6911764705882353,0.7374179365813807,0.6911764705882353,0.6749867315038806
0.6920168067226891,0.7435327844894082,0.6920168067226891,0.6744268835729967
0.6911764705882353,0.7352600977542606,0.6911764705882353,0.6756214647714053
0.6894957983193277,0.7311242633746894,0.6894957983193277,0.6744797635399712
0.6903361344537815,0.7368097159491777,0.6903361344537815,0.6739732929304885
0.6890756302521008,0.730811896735442,0.6890756302521008,0.6739774811117154
0.6907563025210084,0.7336945524711149,0.6907563025210084,0.6754924830888974
0.6911764705882353,0.7315746170688076,0.6911764705882353,0.6767275858799058
0.6907563025210084,0.7362396402486869,0.6907563025210084,0.6747367478459915
0.6899159663865546,0.7420561179892982,0.6899159663865546,0.6718654787974784
0.6928571428571428,0.7427027423797077,0.6928571428571428,0.6758472211963066
0.6941176470588235,0.7435929640866697,0.6941176470588235,0.6773737830717955
0.6911764705882353,0.7374179365813807,0.6911764705882353,0.6749867315038806
0.6903361344537815,0.7359341037030253,0.6903361344537815,0.6742308031492397
0.6903361344537815,0.7355012306432361,0.6903361344537815,0.6743586786772392
0.6936974789915966,0.7437644836099442,0.6936974789915966,0.6767340961041143
0.6928571428571428,0.7436455811966152,0.6928571428571428,0.6755824058973712
0.6928571428571428,0.7408595160168009,0.6928571428571428,0.6763697643688575
