Clients,Iterations to converge,Accuracy,Loss,Memory,Time
4.0,200.0,0.7239495515823364,0.5979452133178711,5.195837225872079,6299.393337965012
